{
	"class_name" : "PinholeCameraParameters",
	"extrinsic" : 
	[
		0.77926244552972423,
		0.53765814442011206,
		-0.32198410011327527,
		0.0,
		-0.3212230650788423,
		0.78382906336926594,
		0.53143931156719415,
		0.0,
		0.53811316974070378,
		-0.3107019780374457,
		0.78351674991363862,
		0.0,
		2.0377241808763324,
		0.24456500037253304,
		5.7067476551997984,
		1.0
	],
	"intrinsic" : 
	{
		"height" : 1016,
		"intrinsic_matrix" : 
		[
			879.88181024498977,
			0.0,
			0.0,
			0.0,
			879.88181024498977,
			0.0,
			924.5,
			507.5,
			1.0
		],
		"width" : 1850
	},
	"version_major" : 1,
	"version_minor" : 0
}